#,Как вас зовут?,Ваш юзернейм в Telegram,"Насколько вы удовлетворены, насколько участие в интенсиве решило ваши задачи? Где 10 — 100% удовлетворил, 0 — всё очень плохо.",Готовы ли вы оставить отзыв для сайта?,В чём ценность участия в интенсиве?,"Что нам стоит доработать, чтобы интенсив стал ещё ценнее?",Response Type,Start Date (UTC),Stage Date (UTC),Submit Date (UTC),Network ID,Tags,Ending
w0zinh5alsukoxn4g04n7y0w0zinh5ar,Диана,'@dirogers,8,0,Научиться собирать детали паззла при разработке,"1) Было бы прекрасно чтобы кураторы были прикрепленны к группе, чтобы при общении был контекст и возомжность напряму задавать вопросы в группах и сообщениях
2) Все еще немного каша со скиллами и агентами что для чего и как взаимодействует
3) Хотелось бы больше кейсов - что для чего внедрять как исопльзовать как автоматизировтаь и примеры сколько времени и денег экономит",completed,2026-03-28 15:35:46,,2026-03-28 15:38:03,93957ceb4f,,"Thanks for completing this typeform
Now *create your own* — it's free, easy, & beautiful"
hwlh66kzqz880aa55hwlh6h228p518yd,Наталья Байко,'@natallia_baiko,10,1,"Для меня это оказало сильный терапевтический эффект. Я работаю операционным директором в IT-компании. Наша компания сейчас переживает достаточно тяжелые времена, и непонятно, что будет с компанией даже условно летом. Поэтому я приходила на курс в тяжелом эмоциональном состоянии, со страхом потери работы, но уже через два дня я почувствовала себя суперчеловеком.

Я поняла, что могу все, и даже если я чего-то не знаю, то я в этом разберусь. Я очень сильно ускорила и упростила свою операционную деятельность, пересобрала все отчеты. Я проанализировала многие вещи, собрала гайд для своей команды и схожу, учу свою команду, потому что я считаю, что все обязаны использовать теперь этот инструмент.

Я хочу делиться этим инструментом вообще со всеми, чтобы все чувствовали кайф. Поэтому сейчас я планирую помочь своим коллегам в бизнес-клубе, потом выступить с презентацией, возможно, даже помогать на какой-то коммерческой основе другим бизнесам, другим операционным директорам автоматизировать свою рутину.","Мне было достаточно трудно параллельно смотреть в Зуме экран тренера и слушать его, одновременно читая задание в моменты, когда он что-то объясняет.

Это было, на самом деле, одной из самых больших трудностей. Когда ты всё параллельно делаешь, то есть и слушаешь, и читаешь параллельно, это было сложно.

Наверное, хотелось бы, чтобы на прочтение заданий и на вникание в то, что там происходит, давали какое-то время, когда не нужно слушать тренера.",completed,2026-03-28 15:34:08,,2026-03-28 15:37:54,1d0e88cdc3,,"Thanks for completing this typeform
Now *create your own* — it's free, easy, & beautiful"
iojsvjsfz44benrps4iojspt5p6p0kr3,Антон,'@AntonPNovikov,10,1,Получение много практических навыков в новом направлении,"Одно пожелание ведущий порой спешит, тк для него это понятно, но кому-то впервые. Т.е. не спешить, возвращаться к действию сбор обратки. 

Тк посыл к кураторам в сессионный зал - это вернувшись обратно вообще не понять а что было…",completed,2026-03-28 15:28:40,,2026-03-28 15:38:09,6d24520e7e,,"Thanks for completing this typeform
Now *create your own* — it's free, easy, & beautiful"
httznc4z2uemvacjpzohttznh6au93j6,Екатерина,'@mareevaek,8,0,"Поняла основные принципы работы с клод кодом, уже внедрила несколько автоматизаций в свои рабочие задачи","хочется добавить больше самостоятельных заданий в воркшопы 3-5, на первых двух занятиях работали над своими проектами, в воркшопах 3-5 в основном копировали-вставляли готовые промпты. полезно для понимания принципов работы скиллов/агентов/пайплайнов, но хочется побольше самой думать во время занятий)",completed,2026-03-28 15:06:21,,2026-03-28 15:11:39,307ec10846,,"Thanks for completing this typeform
Now *create your own* — it's free, easy, & beautiful"
f3bb5p626bi7iwf3njvccwlulw73lyjh,Зина,'@sin2mi,10,1,в практике,"мб делить чат на беседы по разным типам вопросов, иногда 600+ сообщений разом на все темы осилить тяжело. чатики во время интенсива можно сделать в отдельных вкладках суперчата в тг / в основном core info",completed,2026-03-28 15:06:07,,2026-03-28 15:07:42,0cb2b9ac92,,"Thanks for completing this typeform
Now *create your own* — it's free, easy, & beautiful"
15g64evbiwxdg168ugza15g64er8d3ub,Гюзэль,'@GiuzelAkhmadieva,10,0,"Один из немногих курсов, где информация структурирована четко и без воды. Ключевая информация для понимая того, как работать с нейросетями. Отдельное спасибо за готовые инструкции / промты","Может, больше самостоятельной практики без готовых промтов",completed,2026-03-28 14:44:08,,2026-03-28 14:46:58,c73b254580,,"Thanks for completing this typeform
Now *create your own* — it's free, easy, & beautiful"
xxv459o5ze75wnxxv44nqj0af20ppse6,kateryna dlugunovych,katdlu,9,1,"Сделала свой первый продукт, сделала своё портфолио - все очень-очень быстро. Поменялось мышлениe.","Может, сократить или ограничить вопросы и сразу отправлять в сессионные залы, потому что мне не очень ценно слушать, как кто-то не может что-нибудь открыть во время воркшопа. Было бы прикольнее, если бы механики анализа данных и всего остального были на своих продуктах и на своих данных.
Я понимаю, что это не до конца возможно.
Например, бота собрать, чтобы он отвечал тебе в твоем тоне, или что-то в этом роде. 
Мне кажется, тогда есть больше эффект ""вау"", когда это кастомно.",completed,2026-03-28 14:40:38,,2026-03-28 14:45:12,b69b8d2ca5,,"Thanks for completing this typeform
Now *create your own* — it's free, easy, & beautiful"
bft42gdpoc8ksjvdpbft42g2a90ejv7l,Илья,'@gutman.ilia,10,1,"Новый инструмент, быстрота изменений, сообщество","Все очень хорошо и ценно. Я почувствовал небольшой провал в донесении информации между Иваном и Ильей. Илья обучал агентам, ценно! Но доносил немного сложно",completed,2026-03-28 14:30:33,,2026-03-28 14:33:55,21df7b0cb1,,"Thanks for completing this typeform
Now *create your own* — it's free, easy, & beautiful"
mbh6mpx2o2ia0vpm2iv6wmbh6mfje9a7,Андрей,'@pm4business,8,1,"Быстрый и относительно низкий порог входа в новую технологию, помощь знающих людей","Чуть больше фокуса на сути решаемых задач (этот момент быстро проскакивали), возможно, сделать сквозной кейс + небольшие дом.задания для практики и вопросов",completed,2026-03-28 14:26:20,,2026-03-28 14:30:30,2bcdf97e30,,"Thanks for completing this typeform
Now *create your own* — it's free, easy, & beautiful"
mi9mkzufz5acvjzcmi9mkvdazfaxticb,Татьяна,'@plush_atani,6,0,Снимает страх использования клауд кода. Скиллы от Вани Замесина с его авторской методологией (самое ценное),"Можно меньше задавать вопросы по типу ""что такое скилл?"", а что такое ""агент""? Больше держать структуру лекции, быстро не переключаться между темами. На лекциях с Ильей было непонятно стоит его слушать или нет, идти вместе с ним или самостоятельно читать md файл. В общем, как-будто можно было эти 3 занятия выполнить оффлайн, так как сама структура смазалась (ну или мой мозг не воспринимал информацию в таком виде). Также пригодилось бы, если бы при выдаче тестовых серверов предупреждали, что они российские",completed,2026-03-28 14:25:30,,2026-03-28 14:30:09,db4e1b992b,,"Thanks for completing this typeform
Now *create your own* — it's free, easy, & beautiful"
qkrv5cdrfvjuoyl1zz5qkrv8hfz8091n,Илья,'@ivasilkov,10,1,"Boost и форсаж всего за 1 неделю. Практические навыки - сразу брать и делать, размышлять на ходу пока клод разбирается как и что",Было бы классно увидеть и узнать примеры крупных проектов/кейсов/идей реализованных с помощью СС.,completed,2026-03-28 14:24:36,,2026-03-28 14:32:26,51c9196032,,"Thanks for completing this typeform
Now *create your own* — it's free, easy, & beautiful"
x2mv92b5zvsb1rgi0obx2mv928b6sz6o,Марат,'@akhunyanov,10,1,"Сдвиг мышления, насмотренность. Крутые полезные инструменты","Базовая инструкция по vs-code и терминалам. Понимание как через КК работать с дизайном на сайте. Возможно, короткая инфа как выбирать хостинг в РФ и за рубежом",completed,2026-03-28 14:23:50,,2026-03-28 14:31:55,f72458a97b,,"Thanks for completing this typeform
Now *create your own* — it's free, easy, & beautiful"
wcmyk5nb1qya5wjt54vwcmyk8unyi4tk,Марина,Avonadgob,10,1,Погружение в тему вайбкодинга с первых минут. Использование знаний в своей проф деятельности сразу после первых занятий.,"подготовленный список статей по темам , практических пособий для самостоятельного изучения чуть глубже",completed,2026-03-28 14:23:24,,2026-03-28 14:28:28,e6acaadc1d,,"Thanks for completing this typeform
Now *create your own* — it's free, easy, & beautiful"
j77yxqhtxb53esj77yx27azqu0o7ixup,Гуля,Gse,10,1,,Библиотеку полезных материалов. Чтоб углублять экспертизу,completed,2026-03-28 14:22:25,,2026-03-28 14:23:00,072f78814d,,"Thanks for completing this typeform
Now *create your own* — it's free, easy, & beautiful"
4utdu1zxmhhs9ere264utczy8t0mkh8j,Илья,'@ilkonovalov,9,0,"Вовлеченность и опека кураторов. Разнообразие кураторов: я бы даже настоятельно рекомендовал всегда миксовать кураторов от урока к уроку: если один куратор не знал ответа или давай свой вариант ответа, обычно на мой вопрос другой куратор давай совершенно другой ответ. И это невероятно круто, я просто понимаю, что если бы за мной был прикреплен 1 куратор, я бы не узнал мнение другого. И это не его проблема - это прелесть разнообразия мнений. 
Вы оказались триггером - вы запустили мою работу. 
Вы создали ощущение сообщества. И теперь хочется продолжать и не упускать темп. 
Подача Вани - она отличная. 2 первых рабочих воркшопа - снос головы. Решение с сессия в зуме - топ.","Динамика и ценность в части уроков Ильи Измайлов. Появилось ощущение пониженной передачи и нереальных данных. То есть вначале я прям создал свой MVP, я его прокачал, у него прям появлялись новые части тела. 
Затем немного буксовка. МНе понравлось, что он давала теорию, но тогда хотелось бы этой теории больше что ли. ЧТобы усилить тогда базу. 
Не получил вау-эффекта на работе со скиллами/агентами. Хотя как я понимаю, вон там настоящий прорыв и есть. Возможно такой прорыв получился, если бы был промежуточный этап проработки под свой mvp скиллов и агентов вместе с кураторами.",completed,2026-03-28 14:21:58,,2026-03-28 14:32:36,45d87288c9,,"Thanks for completing this typeform
Now *create your own* — it's free, easy, & beautiful"
1cfm3cnczxuobuds0iu01cfm36mx8k2t,Настя,cluelessbel,9,1,"Ценность в том, чтобы преодолеть страх / fomo и очень быстро очутиться по ""ту сторону"" пропасти, которая казалась огромной. Между тобой и вайбкодингом))","очень хорошая программа, но хотелось бы, чтобы Илья объяснял чуть более последовательно, структурно. Видно, что он знает, о чем говорит, но кажется, что это глубокое знание иногда и мешает ему донести последовательно информацию. Кажется, что ему хочется рассказать некоторые вещи чуть раньше, чем предусмотрено программой, и он часто говорит ""да, мы к этому скоро вернёмся"" после того, как вбросит какую-то новую инфу, пока ты перевариваешь что-то другое. Сошлись на этом с коллегой не сговариваясь) спасибо огромное! Илье тоже спасибо большое за вклад. Этот комментарий лишь про подачу:)",completed,2026-03-28 14:21:50,,2026-03-28 14:26:46,387c9cf367,,"Thanks for completing this typeform
Now *create your own* — it's free, easy, & beautiful"
2wf7mjqt1n6vdez2wf71gb9vurcob8nn,Эльнара Петрова,https://t.me/elnarapetrova,10,1,Онбординг в вайбкодинг на доступном,"возможно, для предпринимателей можно делать выделенную версию курса с фокусом на решение бизнес-задач",completed,2026-03-28 14:21:49,,2026-03-28 14:24:58,7a2ebb1663,,"Thanks for completing this typeform
Now *create your own* — it's free, easy, & beautiful"
42q36pjk4r3to6m5m42q36pjkhi78xkz,артем,а,10,0,оо,ллш,completed,2026-03-28 14:21:48,,2026-03-28 14:22:12,8c98b6e5ef,,"Thanks for completing this typeform
Now *create your own* — it's free, easy, & beautiful"
l465r0yqwa2vml42ns3zfc1qx8hruktb,Николай,'@N_Dolgov,9,1,"Главная ценность курса — снятие барьера «начать».
Я много читал про вайбкодинг, но сам не пробовал. Курс помог двумя вещами:
- Дал систему — понятные инструкции и настроенное окружение.
- Дал опыт — через простые в выполнении, но совершенно фантастические по результату, действия убрал установку «это не для меня».","Если это возможно, то я предложил бы притянуть работу над своим примером и в остальных воркшопах.",completed,2026-03-28 14:11:15,,2026-03-28 14:15:52,a1ef239ebb,,"Thanks for completing this typeform
Now *create your own* — it's free, easy, & beautiful"
vbqplwzs06sk6go09w1jrvbqplwfjz67,Max Gankov,'@MaxGankov,10,0,"Заполнил гэп между тем как вайб-кодили год назад с ручными флоу и сложными промтами к текущему решению, когда все супер просто и понятно. Полнотьсю понял ценность клауд кода и перевожу все свои процессы в vs code чтобы имет ьвесь контекст и работать продуктивнее","Пришлось самому разбираться с гитом - не сложно. Все быстро смог. Но этого не было. Последние вебинары были слишком размеренными, мне хотелось быстрее",completed,2026-03-28 13:34:22,,2026-03-28 13:37:53,b32d2e7373,,"Thanks for completing this typeform
Now *create your own* — it's free, easy, & beautiful"
n9zirearyf59v21cvwn9zirpffwd93ea,Олеся,'@yankovskaya_ov,9,1,эффект вау - я тони старк,подача материала от Ильи - последние интенсивы. было тяжелее ориентироваться,completed,2026-03-28 13:28:22,,2026-03-28 13:29:30,d870ed427c,,"Thanks for completing this typeform
Now *create your own* — it's free, easy, & beautiful"
hw4pqfuq33wm5za5dpkhw4pa6ukerjr5,Андрей,'@andreytlkchv,10,0,"Приобретенные навыки и логика при работе с ИИ, которая помогает мне самостоятельно создавать новые скиллы и агентов для создания своих цифровых продуктов","бОльшая интеграция с основным курсом об AJTBD. Курс Boost закрывает техническую составляющую создания цифрового решения. Для меня продукт -  это Product-Market-Fit, определение целевых сегментов и прочее, что является частью другого продукта. Возможно, отдельный тарифный план для изучения основ методологии или скидка для студентов Boost на основной курс AJTBD. Как результат - студенты получают взгляд 360 на создание продукта от поиска идеи и валидации через интервью и исследования до создания и тестирования MVP с переходом в полноценный продукт",completed,2026-03-28 13:28:19,,2026-03-28 13:36:10,dfc5bfc1d8,,"Thanks for completing this typeform
Now *create your own* — it's free, easy, & beautiful"
keepe700n446dmkeepe7m1zsg89364ea,Виктор,'@dear_victor,7,0,"Про ценность я сказал в предыдущией сесси. Хотел бы добавить пожелания, но вы о них не спросили и закончили опрос )

Так вот, как человек, вошедший в вашу орбиту, в вашу экосистему, и уже  испытывающий к ней некоторую лояльность, я готов платить дальше за это:

Первое, я бы сходу купил интенсив о том, как настраивать рабочее окружение. О том, как это реально работает, в чем суть промтов, скиллов и агентов. В общем, такое чуть более глубокое погружение в техническую составляющую. Мне кажется, это важно для меня. Чтобы не просто механически повторять то, что вы показали, а понимать, что происходит. И дальше фантазировать на эту тему и как-то развивать свои скиллы.

Второе — это, возможно, некая подписка, ретейнер, или как угодно это назовите, на саппорт. Я бы хотел иметь в доступе какого-то человека, которому можно написать и в течение  понятного времени получить фидбэк по моим проблемам: что я делаю не так, что здесь можно поправить. Понятно, что во многом это решается за счет собственно вопросов к самой нейросети, но ощущение, что разговор с живым человеком или его поддержка все-таки имеет ценность. В общем, я бы за это платил. И третье — это подписка на канал или медиа, который решает такую задачу:

Все нужное мы сами прочитали, отфильтровали шум, и если ты продакт, то просто читай наш канал, у тебя будет понимание, что происходит и что тебе дальше нужно осваивать и использовать для твоей работы.","какая-то проблема с тайпформой. оказывается, есть вопрос о том что доработать. но в первый раз почему-то опрос завершился после вопроса о ценности",completed,2026-03-20 12:26:28,,2026-03-20 12:42:52,69eac6ae0e,,"Thanks for completing this typeform
Now *create your own* — it's free, easy, & beautiful"
v68fjkiium4nu5po5tpitv68fjk3szdf,Виктор,'@dear_victor,7,0,"Основная ценность — попробовать руками сделать что-то, что сработает. Т.е. закрепить в голове опыт ""я тоже могу"". Плюс получить общее представление о возможностях","В моем случае основная проблема заключается в некотором разрыве между ожиданиями и результатом.

Ожидание было таким, что меня сейчас научат с этим работать. Результат таков, что мне показали, как это работает, но по факту без понимания того, что реально происходит.

Просто механическое копирование промтов и нажатие на кнопочку ""получить"" вызывает некое ощущение, что ты все-таки не до конца разобрался и не допонял суть.

Это ощущение усиливается на фоне того, что кто-то выкладывает какие-то классные результаты, и ты думаешь: ""Блин, вот у всех получилось, а я торможу."" Я думаю, эта проблема решается на уровне коммуникации.

Возможно, где-то стоит как-то немножко по-другому переформулировать на этапе описания курса.

Всё-таки действительно его суть не в том, что он учит, а в том, что он показывает.

А учиться потом нужно делать всё это самому.",completed,2026-03-20 12:17:07,,2026-03-20 12:25:49,69eac6ae0e,,"Thanks for completing this typeform
Now *create your own* — it's free, easy, & beautiful"
hcqjj4qcxlzglgpzcihcqjjqzsrr3ynm,Екатерина,'@rakhubinskaya,8,1,"Моя основная цель была - разобраться в новых возможностях AI. У меня было ощущение, что поезд ушел, а я стою на перроне. Не понятно было как подступиться. Я использовала AI и в жизни и в работе, но на совсем базовом уровне. Интенсив дал базу и общее понимание того, куда копать дальше. Отдельное спасибо за продуктовые промпты.","На мой взгляд, он сейчас не совсем подходит для новичков. Очень много технической части, а инструкции не совсем подробные, иногда чувствовала себя тупенькой. А это очень дурацкое чувство у взрослого на программе, за которую он заплатил деньги. Возможно, проблему поможет решить что-то типа глоссария на старте с объяснением базовых понятий и более понятным прописанным алгоритмом технических действия, особенно на старте. Не все задания были понятны для чего мы это делаем, т.е. не хватало общего понимания: какую именно практическую задачу мы сейчас решаем? Также были задания заточены на ""технарей"", это круто, но опять же как будто не для новичков. Решение: добавить еще один уровень заданий, с более широкими и понятными для бОльшей аудитории примерами. (типа 1. база, 2. для тех, кто уже что понимает во всем этом). Отдельная благодарность кураторам, классный опыт, когда можно повзаимодействовать с разными кураторами в рамках воркшков и поспрашивать личные фишечки. Еще было бы здорово добавить базу (типа гайда) того, какие штуки можно делать с помощью AI. Можно собрать ее на основе опыта кураторов и учеников, прошедших обучение. Орг.информация тоже давалась немного хаотично и бывали случаи, что только по запросу учеников. Это если чуть подушнить :) Вообще, я рук. отдела образования, более 5 лет занимаюсь сопровождением учеников на различных программах (психология, бизнес, продюсирование, швейка). Буду рада провзаимодействовать с вами, если мой опыт и обратная связь будут вам полезна.",completed,2026-03-17 18:16:47,,2026-03-17 18:36:12,62603a993b,,"Thanks for completing this typeform
Now *create your own* — it's free, easy, & beautiful"
9wrmdgtc5cour00dvt9wrmdg0znoeidv,Соня,sonyabelotsky,6,1,"для меня открылся новый мир быстрого решения задач с помощью вайбкодинга, я получила базовое понимание, что это и как с этим жить","есть ощущение некоторой сыроватости подачи материала, есть ошибки в заданиях, не учтены все моменты, когда у учеников может что-то пойти не так. поэтому на устранение проблем может уйти все время урока, и в итоге остается ощущение, что ты пропустил что-то важное. хотя на деле урок можно пройти и самостоятельно. возможно стоит больше уделить внимание установке и отладке всех нужных компонентов перед началом всех занятий. 
опять же гайд по установке ПО перед стартом занятий не соответствовал тому, что нужно было в итоге установить, это стало понятно в ходе второго занятия. есть некоторая путаница в документах, нет общего какого-то понимания, где что искать.
на предпоследнем занятии mcp перед уроком надо было установить через терминал, а на деле его использовали через vs code. такие вещи сбивают столку людей, которые совсем не разбираются в  IT",completed,2026-03-16 16:59:39,,2026-03-16 17:05:49,01948dcca6,,"Thanks for completing this typeform
Now *create your own* — it's free, easy, & beautiful"
rs29tqrs258j4l5sfnrs29teqqaff0yw,Сушкевич Павел,'@PSushkevich,10,1,"1. Отличное погружение как для тех кто ""знает про ии и использует только как чат"", так и для тех кто что-то уже имеет и нуждается в новых взглядах и идеях.
2. Ценность: обретение понимания процесса разработки и запуска продукта (с технической точки зрения), понимания реально возможной скорости запуска, автоматизация некоторых процессов и рутины","1. возможно, еще больше уделить внимания обеспечению безопасности кода и тд - это уже есть, но может быть ценным.
2. много где ужесточаются правила в части перс данных (gdpr и тп) - возможно, стоит добавить в dev-team агента который бы  формировал необходимый набор доков/практик, которые бы подтачивались под требования конкретной страны в части перс данных",completed,2026-03-16 06:24:47,,2026-03-18 07:19:49,0039bc9bb2,,"Thanks for completing this typeform
Now *create your own* — it's free, easy, & beautiful"
pyskbyeew3y50mgz1jl8pyskbyavge18,Екатерина,'@ost_kt,7,1,"Я вроде бы дружу с it миром (я продакт в крупной IT компании), но вот эти все сложности с установкой и первоначальным погружениям - где у тебя интерфейс с миллионом разделов/кнопок и ты вроде делаешь по инструкции а потом ничего не получается - очень отталкивает. Поэтому мне нужно было чтобы меня прямо за ручку провели, и показали как начать и какие-то супер базовые штуки, а потом я бы сама уже пошла разбираться","1) дайте какую-то базу в начале - какие бывают агенты, что умеют, в какой из задач что использовать. Что еще можно делать (что не затронем в рамках интенсива). Не хватило какой-то теории - про скилов и субагентов до сих пор не въехала. 
2) Меньше бездумного копирования промтов - в голове очень мало остается когда просто копируешь и вставляешь, и не понимаешь по какому принципу запрос строится именно так. Хочется самой потыкать, первый раз сделать с подсказкой, а второй самостоятельно, да хотя бы запрос и  ответ прочитать - а получается все время бежим. Короче чтобы потом повторить какой-то промт придется посидеть и еще раз повъезжать.
3) очень часто от кураторов/лекторов слышала слова - не знаю, это вам не нужно, ну я этим не пользуюсь хз, и тд - кажется не целевое состояние от эксперт такое слышать",completed,2026-03-15 21:23:10,,2026-03-15 21:31:41,ea20baf518,,"Thanks for completing this typeform
Now *create your own* — it's free, easy, & beautiful"
il1hbte4iz062s7il1hnoil302mvg2rc,Ольга Бочарова,'@onbocharova,10,1,,"Все понравилось, все огонь!",completed,2026-03-15 18:17:33,,2026-03-15 18:18:27,b6c1d1e96f,,"Thanks for completing this typeform
Now *create your own* — it's free, easy, & beautiful"
tmkgt0061efi2xizltmkgn7k0alsg26e,Илья Круглый,'@ilyaround,7,1,"Все объяснили как настроить, базовые принципы и тулы","Когда лекции проводит не Ваня, то лекции становятся менее структурные, очень долго можем сидеть на обратной связи, нет четкого понимания как именно этим можно работать",completed,2026-03-15 16:08:06,,2026-03-15 16:12:02,3f106bdca2,,"Thanks for completing this typeform
Now *create your own* — it's free, easy, & beautiful"
bsztv93godzax56i762ybrbsztv9bxwv,Рита,margarita_free,7,0,"ценность во многом - продуктовая больше. То есть, mvp для теста продактом - отлично подходит под цель интенсива","объяснять какие то вещи так, чтобы потом они были применимы самостоятельно, единоручно. Этого не получилось, как мне показалось. Например, так и не ясно, как самостоятельно загрузить код клода на сайт (с привязкой к домену). Если нужны доп материалы или другая учеба - можно приложить ссылки. Еще ньюанс - там прям сидели в комнатах люди, которые задавали вопросы кураторам постоянно, и не было возможности задать свой вопрос. Приходилось выходить, иначе подолгу слушать общение человека с куратором.",completed,2026-03-15 14:20:23,,2026-03-15 14:25:49,65ffa02357,,"Thanks for completing this typeform
Now *create your own* — it's free, easy, & beautiful"
6k1z6zgqhq1av26k1jqwqhl15ixx6w7o,Александр Гула,'@GulaAlex,8,1,"Всего за неделю проходишь путь, как если бы обучался, наверное, полгода. И это не даёт тебе практического навыка, что ты так вот завтра встал и в лёгкости начал работать, если бы ты уже полгода набивал себе руку. Но это даёт тебе возможность следующие полгода иметь внимание на то, что ты уже можешь сделать с помощью других инструкций, с помощью чужих прантов, с помощью других скиллов. Но ты уже можешь это делать достаточно на серьёзном и высоком уровне, и за следующие полгода ты вместо того, что будешь обучаться от нуля до текущего уровня, будешь уже создавать веб-приложения, кодить, делать телеграм-чаты и деплоить свои проекты и какие-то новые идеи будут приходить, новые проекты будешь производить. То есть резко ускоряется время. Вроде бы прошла неделя, а вложено так много, что аж не верится, что так могло произойти. В принципе, за этот короткий промежуток времени показал огромные границы и перспективы того куда можно двигаться. Конечно было сложно. То есть для человека который ноль в полной технической части для меня было ну реально трудно мозги закипали и это прям на такой грани постоянной. Прям приходилось напрягаться чтобы разбираться в том что дают. С этой точки зрения конечно было тяжело и не скажу что все что там изучили оно легло в руки как в навыки. Об этом я уже говорил. Но это дает возможность расширить видение, перспективу и дальше лишь моя задача использовать эти навыки и углублять знания в тех контекстах которые нам дали .","Я не знаю насчет того чтобы доработать именно как интенсив. Наверное бы входную планку бы поставил какую-то, что люди которые приходят совсем с нулем им действительно рвет мозг. И наверное было бы хорошо понимать что смогу я туда зайти или не смогу. Вот. Что бы может быть добавить? Может быть это интенсив есть? Может у вас обычно еще есть обучение веб-кодингу? Пусть будет это не за неделю а за три месяца и пусть это не так быстро но пусть это будет все то же самое но с проверкой задания с обратной связью с какими-то навыками, инструментами. Наверное я бы наверное бы записался на такой трехмесячный курс. Ну вернее так сегодня бы я наверное и не записался но вот выбирая между интенсивом и вот таким спокойном режиме ну может не 3 а 2 месяца наверное достаточно будет те же шесть занятий там больше домашних заданий чтобы их проверяли большая обратная связь тут просто там выпучив глаза мчались как со шпаренной задниц ну в общем то где-то успевал где-то не успел еще можно сказать хорошо что я за пару недель до этого как-то начал в эту сторону как-то смотреть но не пару недель хорошо недели три я уже даже что-то кодил до этого что-то пытался делать ну и то но и то было прям сложно и до сих пор она как будто стоит фоном что я ничего не узнал кроме того что я как будто имею инструкции в которые могут заглянуть и возможно это мне поможет сделать что то еще мне есть такая надежда я планирую на следующей неделе к эту надежду как-то попытаться исполнить иначе вообще могу потерять все эти знание знания на нет навыков и не было все эти попытки научиться в коде ну конечно было очень круто то что сразу соединили vs с клауд кодом и это это очень крутая история здесь большой прогресс но и все вот эти про мтс киллы все это очень круто но вот осознать прям времени не было не хватало и вот просто купит от контра с control f работы до получилось да поехали дальше да и что там внутри написано какие там команды какие агенты киски лы все это очень грубо говоря навалили так что блин ну попытайся развалить все это разобрать и и впитать но как будто бы есть ощущение что сам по себе курс но очень крутой и структурированный системный другое дело что может быть не совсем был готов к такой интенсивности но я в целом сама остался доволен",completed,2026-03-15 14:05:26,,2026-03-15 14:17:06,59fe548fd2,,"Thanks for completing this typeform
Now *create your own* — it's free, easy, & beautiful"
3urndy3iotj0slv6a33urnd6xt0fdqqg,Евгений,'@sure_mel,10,1,"Мотивация разобраться в том как это работает и в том, что ты понимаешь, что все возможно (ну или почти всë)",Вроде все ок,completed,2026-03-15 13:59:36,,2026-03-15 14:05:01,8a7b2de4cf,,"Thanks for completing this typeform
Now *create your own* — it's free, easy, & beautiful"
go5jmevd2onylpri3kgo5jmfmxml3nfp,Владимир Бутов,'@iyeti,9,1,"Новый способ мышления
Конкретные рабочие инструменты для прикладных задач",Домашки с практикой по теории из интенсивов. Проверка домашек ~90% ИИ + 10% куратор,completed,2026-03-15 13:53:51,,2026-03-15 14:11:31,70b3a59845,,"Thanks for completing this typeform
Now *create your own* — it's free, easy, & beautiful"
dpxmxglj1vkbvtayxrdpxmpae4r1u13c,Александр,'@aminaev_official,10,1,"Просто делай - делай просто (есть даже книжка такая). Вы начнете делать, вы начнете получать результат, вы начнете менять свои базовые задачи и ход мыслей за счет новых возможностей","пояснения к генерации самих промтов, как структурировать базу знаний",completed,2026-03-15 13:53:03,,2026-03-15 13:54:43,8ebb645d19,,"Thanks for completing this typeform
Now *create your own* — it's free, easy, & beautiful"
zuunfqr6v3o75vkzuunfquhho1zcythb,Андрей Копыток,'@andreykopytok,10,1,"Расширяет возможности реализации своих мечт, целей, задач, проектов, да и в целом жизни",Презентации направлять участникам для индивидуальной проработки и переваривания материала,completed,2026-03-15 13:52:00,,2026-03-15 13:54:02,9871d54bf0,,"Thanks for completing this typeform
Now *create your own* — it's free, easy, & beautiful"
9hrx7uptkad209x69hrx7ucrasyowjen,Татьяна,tanybezuglyak,8,1,"'- Начала вайбкодить, преодолела психологический барьер, который у меня был около полугода
- Написала скрипт, позволяющий начать вести канал в телеграмме. Тоже давно хочу, уже года 2 как, сейчас по первым постам вижу, что они достаточно хорошие. Скоро допилю и уже вижу, что можно закидывать их в канал. Напишите через 2-3 недели, оформим кейс, как я с помощью вайбкодинга начала вести канал ))
- Я исследователь-фрилансер и у меня куча текстовых данных, из которых я обычно сама по долгу руками делала аналитику и отчеты, помогала заказчикам с генерацией идей (следующая задача, после той, за которую мне платят). Сейчас с ИИшкой я могу выполнять уже следующую задачу: достаточно неплохо анализировать рынок, конкурентов, и на базе интервью генерировать гипотезы ценности с приоритезацией внедрения и проверки этих гипотез. Также, на основе проведенного исследования могу сразу сгенерировать лендинг или любую другу маркетинговую коммуникацию (например, сделать карточки на вайлдберис)
- Важно! Уже на курсе начала внедрять вайбкодинг и выполнение задач с ИИшкой в свою повседневную жизнь и это произошло очень легко","'- Для меня было бы супер, если б те файлы, которые мы делали на курсе высылали сильно заранее. Я бы их как минимум прочитала, а как максимум прошла самостоятельно в спокойном темпе, чтоб понимать, что происходит на курсе, а не просто копировать-вставить
- понимаю, что следующая задача для меня будет - это научится достаточно качественно писать промыты и запросы. Пока что чувствую, что очень по верхам это делаю. Вот сейчас есть гипотеза, что могла бы уже на курсе научиться или впитать логику, читая и проходя файлы заранее. Было бы классно этот навык начать развивать уже на курсе с ощущением понимания того, что я делаю. Пока что это не так",completed,2026-03-15 13:51:33,,2026-03-15 14:02:53,4cf47c9a14,,"Thanks for completing this typeform
Now *create your own* — it's free, easy, & beautiful"
axb1xqzgkba3x8zh87axb1xqzvcb1xaf,Евгений Курбатов,'@sapphinex,10,1,"Я пришел научиться быстро создавать и тестировать гипотезы. Этому научился. Но самое важное, что курс открыл мне глаза, как много своих работ я могу закрыть с помощью полученных знаний. Это как в компьютерной игре, когда у игрока открывается новая сверхспособность, которая меняет его и бустит достижение целей.","Иногда темп был быстрый и не успевал вливаться в контекст, а просто копипастил",completed,2026-03-15 13:50:38,,2026-03-15 13:58:27,3fa21657a6,,"Thanks for completing this typeform
Now *create your own* — it's free, easy, & beautiful"
9l09chunv0csqy78t9l09chuon422fb3,Андрей,'@andreykrasnl,8,1,Абсолютно иной навык для ускорения процессов и изменения собственной аутентификации,"1- интенсив вау
2 - на практике показано, что нейронка может считать по разному. И нужны скрипты
3-5. Скиллы, агенты, команды - больше представлены как фичи. Не всегда их ценность. КАк то хочется создавать контекст примеры, что тут нужно выбрать этот инструмент",completed,2026-03-15 13:49:53,,2026-03-15 13:54:12,6e1aa88565,,"Thanks for completing this typeform
Now *create your own* — it's free, easy, & beautiful"
m8vkpw2l00z28c5rm8vbu4gud0vx2lhw,Наталья,'@nch_v,10,1,В мягком структурированном старте в вайбкодинге,"Может быть добавить минут 20 самостоятельной работы в конце воркшопов со своим продуктом (где мы не используем свой продукт), на втором воркшопе я только успевала копировать промты ). Но это не обязательно, курс показал основное - как решать задачи вайбкодингом, все остальное - лишь фантазия и запрос в claude )",completed,2026-03-15 13:47:17,,2026-03-15 13:50:58,f4682542c7,,"Thanks for completing this typeform
Now *create your own* — it's free, easy, & beautiful"
hjkmplgv7s2n7zjjhjkpwzgwr8d6d2li,Тимур,'@mypryc,10,0,"Провели за ручку и дали огромное количество ИИ-навыков, до которых никогда бы не добрался сам. И это очень качественные глубокие навыки, подкрепленные методологией Вани и вашим реальным опытом. Почти уверен, что такой глубины на других курсах нет","Проработанные цепочки промптов для копирования это круто, т.к. можно доработать самостоятельно. Но для глубины  хотелось бы получить навык не только отдельных микроизменений в промптах, но и самостоятельного поиска/выстраивания всей цепочки, которая даст наилучший результат",completed,2026-03-15 13:47:17,,2026-03-15 14:05:44,f4eb10035f,,"Thanks for completing this typeform
Now *create your own* — it's free, easy, & beautiful"
rw45du2ledwn79n2s3urw45du0pqmdhm,Владимир Каменский,'@aidataquant,10,1,"Систематизация знаний и максимально актуальная информация. Выход на результат, буквально, за несколько первых воркшопов.","Модель continues education, когда остаешься в контексте всех новых возможностей. Может быть, это подписка на все обновления и проведение каких-то отдельных воркшопов. Ценность community. И также более широкий контекст именно создания продуктов - customer development, проверка гипотез, маркетинг, продажи, как выстроить взаимодействие с аудиторией и сделать продукт успешным.",completed,2026-03-15 13:47:15,,2026-03-15 13:57:45,bfb3d7a591,,"Thanks for completing this typeform
Now *create your own* — it's free, easy, & beautiful"
x2fu2lmrrllzm3ju3h0x2fslmfjibhml,Ева,https://t.me/melnikova_eva,10,0,"Понимание, как ускоряться и быть конкурентоспособным","Заранее направлять, что необходимо установить для всего  курса",completed,2026-03-15 13:47:12,,2026-03-15 13:48:38,cefaa3ae8c,,"Thanks for completing this typeform
Now *create your own* — it's free, easy, & beautiful"
7hx0tx1wo7gf8s87hx0u88bo1ksfyvtj,Сергей Леонтьев,'@BubbleWrapEnvelope,10,0,Вкатиться в вайбкодинг и научиться пользоваться ИИ-агентами,Всё понравилось,completed,2026-03-15 13:47:10,,2026-03-15 13:52:30,599aa6169f,,"Thanks for completing this typeform
Now *create your own* — it's free, easy, & beautiful"
8sj5kaqb7e6uwix8sj5kaiqut9k07yxz,Смирнов Сергей,'@Ser_Smirnov,10,1,"Основная ценность для меня - это осознание, что произошла революция во многих направлениях и профессиях. Мозг теперь все видит в другом свете, видит новые большие возможности.","Хочется больше деталей по работе с агентами и их группами. С уклоном в создание продукта. Например исследования, дизайн и тд.",completed,2026-02-26 14:16:45,,2026-02-26 16:05:24,4f02339ea8,,"Thanks for completing this typeform
Now *create your own* — it's free, easy, & beautiful"
rfde08gccu6kf6dfzkb1rfde0h3zg2ry,Любовь / @moiseevalyubov,'@moiseevalyubov,9,0,"Зименение перспективы сознания (скоринг каждодневных задач - а можно ли проще/быстрее), набор готовых инструментов и ""протокола"" действий. Набор промтов, которые можно дорабатывать под свои задачи","Добавить процесс по поддержке стартовых доков (не все ссылки работали, не все описания актуальные). Уделять чуть-чуть больше времени теории - что сейчас делаем, какой навык тренируем и что с помощью этого навыка научимся. Дальше каждый сможет додумать, как навык применять, а в моменте это было бы понятнее - быстро пробегали теорию",completed,2026-02-24 09:23:04,,2026-02-24 09:35:46,8b2bb1aa33,,"Thanks for completing this typeform
Now *create your own* — it's free, easy, & beautiful"
uo5wovr7de2aet3xp8nnuo5woe1spbid,Илья,'@i_amelin,8,0,,,completed,2026-02-23 14:25:55,,2026-02-23 14:26:29,9acce032ac,,"Thanks for completing this typeform
Now *create your own* — it's free, easy, & beautiful"
bpewwqrbj8b0vssxzbpezovtmet3s1xa,Аркадий Чуздюк,'@charims,8,1,"В короткий срок (буквально 1 неделя) можно погрузиться и изучить основные возможности вайбкодинга. Главный результат - уверенность в том, что теперь по сути любую свою задачу можно качественно решить с помощью нейросетей.","1. Необходимость в таком числе кураторов - не получил много ценности. Сейчас понимаю, что в целом мне было бы достаточно формата с записью занятий и промптами. Понимаю, что задачей кураторов в первую очередь было помочь в технических аспектах настроек. Но мне было бы полезнее, если бы кураторы как люди с бОльшим опытом показали разные варианты использования нейросетей - разные задачи, разные нейросети и тд
2. Воркшоп про агентов, который был в четверг - прошел слабее, чем воркшопы до этого, где основным спикером был Ваня Замесин. Тут хотелось бы более уверенных/подготовленных спикеров на замену. Либо из-за этого, либо из-за того что тема новая (или неясно была раскрыта), именно с агентами и правилами возникло больше всего непонимания - как правильно делать, для чего, как формировать отдел из агентов. Но в целом на предпоследнем воркшопе было больше раскрыто про работу агентов.
3. В дополнение к п.1 - кураторы часто говорили ""спрашивайте любые вопросы по своим проектам, но вопросов было оч мало от участников. По себе могу сказать, что было непонятно - а какие вопросы мне надо задать, чтобы хорошо все сделать? Тут бы не помешали примеры вопросов, которые важно задать.",completed,2026-02-23 11:27:46,,2026-02-23 11:39:34,ce261abc4c,,"Thanks for completing this typeform
Now *create your own* — it's free, easy, & beautiful"
dbeh5lpp5bxzsdbezgjcaeprd46gqqfz,Марина Трофимова,'@maridelmar08,10,1,"Для меня имело очень большую ценность то, что мне в такой короткий срок помогли практически с нуля освоить инструмент, который я сразу же смогла использовать в своей динамичной рабочей среде. Так же очень понравилось многообразие заданий, которые мы использовали на курсе, потому что каждый из них было мне полезно для адаптации под мои рабочие и личные задачи. И, безусловно, обратная связь кураторов, их помощь и ответы на вопросы добавили очень много ясности в работу с инструментом.","Чисто субъективное впечатление, которое не несет какую-либо негативную оценку: хотелось бы уделить чуть больше времени последним двум темам про агентов и скиллы, потому что она очень важна для автоматизации работы. При том, лично мне было немного сложно в тех временных ограничениях глубинно вникать в задание+промпты, параллельно выполнять это в Claude Code, слушать куратора и писать в чат ОС. Как будто немного не хватило времени, чтобы без спешки освоить эту тему. Но тем не менее, на выходе благодаря ответам куратора на вопросы + самостоятельной работе, мне кажется, я вполне разобралась.",completed,2026-02-22 11:54:23,,2026-02-22 12:01:23,09a8d2bf10,,"Thanks for completing this typeform
Now *create your own* — it's free, easy, & beautiful"
lgleyagpoknsle897c6ltenafwi6hb8e,Лера,'@lera_shpanko,9,1,"Убедиться, что я могу идти в ногу со временем","У меня не совсем сложилось ожидание - реальность из-за смены тем воркшопов после покупки и в процессе недели обучения. К примеру, я задавала вопросы про MCP и возможность получать артефакт (диаграмму) в фиджеме как аутпут и кураторы говорили, что это еще будет, но не наступило. Но не могу сказать, что это повлияло на мое общее впечатление, потому что первые 2 потока были максимально понятно предупреждены, что на нас будут обкатывать программу, и я осознанно шла на 2й поток, а не на 3й или далее",completed,2026-02-22 11:48:13,,2026-02-22 11:54:52,b6cffe4d8e,,"Thanks for completing this typeform
Now *create your own* — it's free, easy, & beautiful"
e3ng4q251z9go9etwwznm3ve3ng4q2bd,Даурен Касенов,'@daurenkas,10,1,"Если коротко — это пинок с сопровождением. Именно так.
Курс не просто сталкивает тебя в пропасть будущего и машет ручкой — он берёт за руку и проводит через всё это. Вот ты вроде ничего не умел, а через день у тебя работающий продукт на своём сервере. Магия? Нет, просто правильно выстроенный процесс.
Мир сейчас меняется с бешеной скоростью. И в этом мире критически важно быстро осваивать навыки и сразу применять их в работе — не через полгода, не «когда-нибудь потом», а вот прямо сейчас. BOOST даёт именно это.
Но самое ценное для меня — это сдвиг в голове. Ты начинаешь понимать, как трансформируется твоя роль. Ты больше не просто участник процесса, не просто человек, который делает задачки. Ты становишься архитектором. Создаёшь целый мир, в котором у тебя есть цифровые персонажи — агенты со своими скиллами. Они работают и поодиночке, и командой, и достигают результата за минимально короткий срок. Это реально мощное ощущение.
Я до этого проходил курс Вани Замесина «Как делать продукт» — и он заложил правильное продуктовое мышление. А BOOST как раз помогает создавать архитектуру решений, построенных на этом мышлении. Фреймворк Advanced JTBD здесь работает вживую — и это очень важно.
Настолько важно, что как минимум один аналитик из моей команды по моей рекомендации уже идёт покупать курс «Как делать продукт». А я сам купил курс Ильи Красинского — потому что неоднократно слышал, что в связке с курсами Вани он даёт ещё более объёмное продуктовое мышление.
Правильный вайбкодинг + правильное продуктовое мышление = качественные продукты, классный мир вокруг и, честно, ощущение счастья от того, что ты создаёшь.
Короче, если думаете — идите. Это тот самый пинок, который вам нужен. Но с заботливым сопровождением.","Разделить на уровни по сложности — это раз. Ваня сам уже озвучивал эту идею на курсе, и я с ним полностью согласен — это бы очень помогло. Я бы с удовольствием пошёл на продвинутые уровни, с учётом того, что первый уже прошёл.
А ещё адаптировать обучение под конкретные сферы — это два. Сейчас всё идёт одним потоком, а это две разные точки роста. И кураторов набирать из этих же сфер — чтобы они понимали контекст изнутри.
Простой пример: для юридической отрасли помощь по вайбкодингу должна быть заточена именно под юристов. Это люди, которые обладают глубокой экспертизой, но погрязли в рутине и не могут из неё выбраться. Вайбкодинг для них — это не про «сделать стартап», а про то, чтобы наконец автоматизировать то, что съедает время и силы.
У каждой сферы свои боли. И если интенсив научится говорить на языке этих болей — это будет не просто совсем другой уровень. Это будет билет в IT для тех сфер, которые в массе своей всегда были очень далеки от технологий. Юристы, врачи, строители, логисты — им эта грамотность нужна как воздух, просто раньше не было нормального входа. А здесь он может появиться. Самые крупные и перспективные отрасли с хорошим рынком точно стоит закрыть первыми.",completed,2026-02-21 14:29:48,,2026-02-21 14:41:57,2a05bfb873,,"Thanks for completing this typeform
Now *create your own* — it's free, easy, & beautiful"
d7khashn67gycgtid7khasyy28vhbf5t,Олег Киселев,'@obkiselev,10,1,"Плюс интенсива - его продолжительность длиной в одну неделю. На интенсиве дается необходимая база, на основе которой потом понимаешь что и как нужно делать дальше.",'-,completed,2026-02-21 14:22:53,,2026-02-21 14:27:46,83960f6818,,"Thanks for completing this typeform
Now *create your own* — it's free, easy, & beautiful"
4x7uw334219jpmk0np4x7uodroukuh1l,Илья Филимоненков,'@ilyafilim,10,1,"В расширении моего взгляда на сферу применения ИИ-инструментов
В шеринге промптов и скиллов для Клода
В коммьюнити, которое горит общим делом","Исключить время на настройку системы для пользователей, кто не уверенно владеет ПК в 2026 году. Нулевой вокршоп не решил проблем пользователей, позже тратилось время на решение индвидуальных проблем с настройкой (не учитываю проблемы, которые были уже по заданиям, которые решались в сессионных залах -- это ОК)",completed,2026-02-21 14:18:47,,2026-02-21 14:22:06,aeab3146f2,,"Thanks for completing this typeform
Now *create your own* — it's free, easy, & beautiful"
1uha9r6f71d1uhannb6hkvr5ql2u3pse,Артем Царев,'@taerr,10,0,"Ожидал совсем другое. Основная ценность по итогу - скрипты, ИИ агенты, арена агентов)","Не хватило именно части по созданию продукта от начала до конца. Если эти кейсы слишком технические, то как-то инструкции хотя бы. Понятно, что мы задеплоили в интернет и это классно. Но не хватило:
1) гит
2) бекапы
3) а где получать этот сервер, да и домен
4) вот нас взломали, а что с таким делать в реальной жизни ?
5) а что с мобильными приложениями?
6) как делать верстку, чтобы не плыла при разных экранах
В общем. Не хватило именно технической части. Мы тут в основном продакты, которые в этом не сильны",completed,2026-02-21 14:17:26,,2026-02-21 14:22:51,ddfdc76baa,,"Thanks for completing this typeform
Now *create your own* — it's free, easy, & beautiful"
3k4azve0njb68s6g3k4az1xnpyj1evp6,Стас,'@sks0063,10,1,Создал крутую road map для себя,"При обучении много окон. И вы говорите много интересного и показываете, а в это время мы делаем работу. Оба занятия важны.",completed,2026-02-21 14:13:47,,2026-02-21 14:17:28,6d716ea94a,,"Thanks for completing this typeform
Now *create your own* — it's free, easy, & beautiful"
zmpnqhadco04i3e7zmpqepu7nt82d8n2,Илья,'@ilyarublevsky,10,1,"Раскрывает возможность делать то, что хочешь, без технического бэкграунда.","Ничего, просто следите за трендами",completed,2026-02-21 14:13:37,,2026-02-21 14:14:23,01ea1d6ef3,,"Thanks for completing this typeform
Now *create your own* — it's free, easy, & beautiful"
rvleh5ak2mslk2dwsrvleh5vxbhwubwd,Оксана Бакланова,'@oksana_baklanova,10,1,Быстро освоить новый навык. Преодолеть барьер входа в вайб-кодинг,Добавить еще немного про МСР и дип-дайв в сложные штуки как доп тариф для про. Вообще хочется наверное пойти на следующий уровень и освоить более сложные уровни владения вайб-кодингом,completed,2026-02-21 14:13:36,,2026-02-21 14:27:17,02d61baef5,,"Thanks for completing this typeform
Now *create your own* — it's free, easy, & beautiful"
6a1we4951vn5sha3i6a1wezb7ygrq6a6,Сергей,'@Artamonychev,10,1,"Уникальные навыки, которые будто открывают дверь в новый, дивный мир)","Только постоянно обновлять информацию, потому что направление развивается на первой космической",completed,2026-02-21 14:13:19,,2026-02-21 14:20:02,b916f9fd95,,"Thanks for completing this typeform
Now *create your own* — it's free, easy, & beautiful"
t77f3jqijccjpffya0vwt77f3jquyzlf,Ilya Zhukov,ilya_boeing,9,1,"Быстро влиться в тулы и заинтересоваться темой так, что забывал поесть","Для меня не подходило время, хочется чтобы это было на английском (моя команда говорит на английском), в целом можно самому писать промбты и задавать вопросы после написания (может нужны домашки и разборы полетов) а то у кого-то что-то не заводится на это много времени уходит (но я пропустил части с работой в группах), может чуть более крутая объяснительная модель с визуализациями для теоретических частей, чтобы лучше запомнилось и проще понялось",completed,2026-02-21 14:13:07,,2026-02-21 14:17:55,c4e1578cfd,,"Thanks for completing this typeform
Now *create your own* — it's free, easy, & beautiful"
7izzyg16o0f945owl1q67izzyg165hra,Татьяна Цивлина,'@tsivlina,10,1,"действительно снимает барьер и дает подступиться к ИИ и автоматизации если не рабочих задач, то скучной рутины точно","точно нужно учесть проблемы, о которых писали участники в процессе, где-то дописать чуть гайды; может быть добавить список best practice после каждого урока",completed,2026-02-21 14:13:00,,2026-02-21 14:18:33,4ba5be8f6f,,"Thanks for completing this typeform
Now *create your own* — it's free, easy, & beautiful"
04qof8sgegpnior3l04qof85sijzxwii,Оксана,'@novaport,9,1,"Живой формат, гайды с реальными продуктовым применением, пошаговый план. Понравилось чёткость воркшопа по времени, было комфортно распределено по неделе и выходным, я переживала за это, оказалось прекрасно","Хотелось бы 1. иметь гайд как работать с интерфейсом курсора, где что добавлять, конечно, это можно загуглить (но всё же)). Хотелось бы больше фокуса или гайд про подготовительный этап проектов со стороны кодинга. Первые уроки были очень интенсивные, сначала сложно было успевать и переваривать всё сразу",completed,2026-02-21 14:12:54,,2026-02-21 14:23:45,d80aeeaa5b,,"Thanks for completing this typeform
Now *create your own* — it's free, easy, & beautiful"
lyqe5kfx1hi1bwmplyqe58jjeixlywww,Настя,'@aavtukhova,10,1,,"хотя это формат цепляет своей легкостью, можно было бы давать дз. Ровно по тому, что мы сделали на вокршопе, но под себя, чтобы нужно было написать промпты с нуля (ну почти с нуля).  Кураторов много, как будто было бы больше качественного с ними взаимодействия. 

Это нагрузка, но когда не просто копипастить на скорости, а потом вдумываешься как написан промпт, сам пишешь - нужно чуть больше времени. 

Но больше я думала про то, как потом изменится курс ""Как делать продукт"", если ученики будут на курсе сразу вайбкодить))",completed,2026-02-21 14:12:47,,2026-02-21 14:18:28,f994a6a00a,,"Thanks for completing this typeform
Now *create your own* — it's free, easy, & beautiful"
